"commuter_id","station_lat","station_long","current_lat","current_long","destination_lat","destination_long"
1,1.3513141,103.8469711,1.34858861722296,103.845855973333,1.35681389719804,103.693091580879
2,1.3513141,103.8469711,1.35116490078092,103.847516106694,1.26643937589786,103.813020991363
3,1.3513141,103.8469711,1.34874910342158,103.846056017943,1.31534524128073,103.662222288239
4,1.3513141,103.8469711,1.35060030759374,103.846064133641,1.38246100144966,103.776082166621
5,1.3513141,103.8469711,1.34854094305424,103.84594055762,1.32096862377217,103.669089663406
6,1.3513141,103.8469711,1.35050146950486,103.849868492321,1.27272605584922,103.849504522921
7,1.3513141,103.8469711,1.35089966835836,103.848027799786,1.36503566120604,103.698536424763
8,1.3513141,103.8469711,1.35104294136931,103.847732094569,1.39363738005253,103.768392011768
9,1.3513141,103.8469711,1.35091855302857,103.847856576346,1.31701432990363,103.920593328626
10,1.3513141,103.8469711,1.348509765259,103.845991277626,1.31582125401931,103.829416782427
11,1.3513141,103.8469711,1.35076734246313,103.84791356848,1.3151676150003,103.919951211077
12,1.3513141,103.8469711,1.35075282695214,103.847925714323,1.37032148958971,103.684823771651
13,1.3513141,103.8469711,1.35088013422938,103.847513812698,1.30936503350113,103.839193136878
14,1.3513141,103.8469711,1.35101747379561,103.847547034543,1.30819779018348,103.845588752175
15,1.3513141,103.8469711,1.35116281262192,103.847797732893,1.32729691115215,103.904978390398
16,1.3513141,103.8469711,1.35070643363795,103.847807260786,1.31602191977205,103.907976216982
17,1.3513141,103.8469711,1.35008033487783,103.846211014747,1.35967730790017,103.69338871026
18,1.3513141,103.8469711,1.35096895318673,103.847520661087,1.36793727412823,103.69800493198
19,1.3513141,103.8469711,1.35074606188624,103.847989063659,1.31353,103.72278
20,1.3513141,103.8469711,1.35093579721183,103.847784219445,1.31235856546783,103.668249497501
21,1.3513141,103.8469711,1.35088569067138,103.847741249692,1.26043549400743,103.818462471837
22,1.3513141,103.8469711,1.35096232295839,103.847959593176,1.32382211729356,103.920566004693
23,1.3513141,103.8469711,1.35082084846591,103.847916445185,1.39617528661591,103.905097690408
24,1.3513141,103.8469711,1.35090755458352,103.847958699944,1.36433954969435,103.699698108226
25,1.3513141,103.8469711,1.35113807644475,103.847561529927,1.39950899335732,103.898678530938
26,1.3513141,103.8469711,1.35103037027652,103.847733263878,1.32616,103.85537
27,1.3513141,103.8469711,1.34870760349925,103.846018593372,1.30893818358038,103.842460129952
28,1.3513141,103.8469711,1.35107128414168,103.847792193099,1.3193505711598,103.906878017074
29,1.3513141,103.8469711,1.35083227057165,103.848097795517,1.31269142060234,103.668033004129
30,1.3513141,103.8469711,1.35095572311443,103.847798594215,1.45399883046351,103.818662109339
31,1.3513141,103.8469711,1.35056271853657,103.849802161139,1.26171908687386,103.827284409293
32,1.3513141,103.8469711,1.35085702225954,103.847533917312,1.36439252104702,103.684426981178
33,1.3513141,103.8469711,1.34849993058773,103.84597589998,1.30117721391423,103.858720382719
34,1.3513141,103.8469711,1.35110928621899,103.847752660462,1.31222743845103,103.845604518471
35,1.3513141,103.8469711,1.34874132735811,103.846017649494,1.38882862228738,103.76940279574
36,1.3513141,103.8469711,1.35077366491848,103.847946012554,1.31621766783627,103.840326728373
37,1.3513141,103.8469711,1.35042027973634,103.849854291594,1.41351072361967,103.890900436116
38,1.3513141,103.8469711,1.3513302088998,103.846405426006,1.36010439886086,103.690905385772
39,1.3513141,103.8469711,1.35074669803181,103.847784664172,1.31148787340463,103.832070475307
40,1.3513141,103.8469711,1.35086092475751,103.847781659146,1.27923834946489,103.85501942006
41,1.3513141,103.8469711,1.3505662227366,103.849846487435,1.27087819552468,103.812849667518
42,1.3513141,103.8469711,1.34852795943474,103.846011350978,1.30778,103.6945
43,1.3513141,103.8469711,1.35090547883395,103.847849530486,1.30905714954146,103.845313135866
44,1.3513141,103.8469711,1.35073066138581,103.847824391373,1.37490559644619,103.774906477064
45,1.3513141,103.8469711,1.35114093673073,103.847821138343,1.30826778877694,103.826523010887
46,1.3513141,103.8469711,1.34871134785434,103.846085967098,1.3175277884181,103.918512505634
47,1.3513141,103.8469711,1.35083695004924,103.84776869712,1.32082601472528,103.914582677235
48,1.3513141,103.8469711,1.35088274364302,103.848082258823,1.32209467927322,103.916227931566
49,1.3513141,103.8469711,1.35096972767465,103.848112856373,1.38353507597643,103.764101714649
50,1.3513141,103.8469711,1.35085327703715,103.84768690311,1.35559520215318,103.698269104326
51,1.3513141,103.8469711,1.35066753032996,103.847699890191,1.36840085306578,103.685379149759
52,1.3513141,103.8469711,1.34872381419543,103.845860506467,1.31869156655425,103.840849819136
53,1.3513141,103.8469711,1.35102231590795,103.847788030097,1.31913,103.67893
54,1.3513141,103.8469711,1.35101305129267,103.847857691888,1.26589973578908,103.822828449865
55,1.3513141,103.8469711,1.35080681218511,103.848000340395,1.43714,103.83375
56,1.3513141,103.8469711,1.35079813936404,103.848095735823,1.27138875279685,103.822785271022
57,1.3513141,103.8469711,1.3503547453314,103.849671531643,1.30095649954825,103.833763273854
58,1.3513141,103.8469711,1.35102482401556,103.847743340504,1.33296,103.85148
59,1.3513141,103.8469711,1.35096112347479,103.848000215173,1.27934723928442,103.854365615712
60,1.3513141,103.8469711,1.35038266860625,103.84980401295,1.31651185271594,103.832627858838
61,1.3513141,103.8469711,1.35072542320885,103.847883741134,1.38420287447258,103.775582330491
62,1.3513141,103.8469711,1.34850134285356,103.845817076767,1.26987793020423,103.82416999879
63,1.3513141,103.8469711,1.34865997501685,103.845986857659,1.36513143074795,103.700908684912
64,1.3513141,103.8469711,1.35101471635788,103.848012411394,1.31721309515909,103.838931845906
65,1.3513141,103.8469711,1.35053462928521,103.849689854889,1.26722670631746,103.814275395532
66,1.3513141,103.8469711,1.34852783532852,103.845952180766,1.31199198963393,103.838122180789
67,1.3513141,103.8469711,1.35086183075894,103.847791555397,1.40455,103.89716
68,1.3513141,103.8469711,1.34867936358413,103.845826962412,1.27680001943678,103.85554992485
69,1.3513141,103.8469711,1.35113495906501,103.847724999183,1.37153054640967,103.695584814547
70,1.3513141,103.8469711,1.34863069241711,103.845985839853,1.31205807535087,103.846434485718
71,1.3513141,103.8469711,1.35210732360445,103.847916837536,1.31466743816423,103.905837401287
72,1.3513141,103.8469711,1.35048505700833,103.849945261284,1.30883282182078,103.834907214965
73,1.3513141,103.8469711,1.35084888025598,103.847929075714,1.40319852613609,103.893487722413
74,1.3513141,103.8469711,1.35085646954212,103.848043885907,1.32026011793724,103.915056079272
75,1.3513141,103.8469711,1.34861147352788,103.846014033482,1.30144264066486,103.852448143536
76,1.3513141,103.8469711,1.35070662623449,103.847966595798,1.31831230806642,103.66329289976
77,1.3513141,103.8469711,1.348521378338,103.846016663143,1.31977417783525,103.905097497642
78,1.3513141,103.8469711,1.35093087822026,103.847711911459,1.31496139500991,103.908486707243
79,1.3513141,103.8469711,1.35098673207243,103.847828641355,1.39499895212586,103.904029220461
80,1.3513141,103.8469711,1.35163211045389,103.846617386669,1.31849990133687,103.908874709943
81,1.3513141,103.8469711,1.3509588265245,103.847980594122,1.32109721230136,103.921421595146
82,1.3513141,103.8469711,1.35080755901342,103.847856539488,1.35735902539751,103.686025982637
83,1.3513141,103.8469711,1.35174665817816,103.846122925573,1.3180004565325,103.84502970149
84,1.3513141,103.8469711,1.34853005711319,103.845753559877,1.29719731788032,103.852721025032
85,1.3513141,103.8469711,1.34848683467346,103.846068575483,1.3960306795382,103.89996408775
86,1.3513141,103.8469711,1.35089298811605,103.847747881974,1.31826858197851,103.906694671375
87,1.3513141,103.8469711,1.34876656975006,103.846099294085,1.27408,103.84687
88,1.3513141,103.8469711,1.35099838028715,103.847839516617,1.45338653944707,103.816083671336
89,1.3513141,103.8469711,1.35110271765984,103.847567096214,1.31013309274696,103.837255047782
90,1.3513141,103.8469711,1.3487525040674,103.846099699534,1.45391,103.79543
91,1.3513141,103.8469711,1.3509934544055,103.847856272688,1.4385153427277,103.827612780061
92,1.3513141,103.8469711,1.35074208232303,103.847921215459,1.43918,103.793
93,1.3513141,103.8469711,1.35077238186926,103.84794321946,1.26009672699329,103.822467423822
94,1.3513141,103.8469711,1.34862325153412,103.845827305506,1.31369986572482,103.839956644007
95,1.3513141,103.8469711,1.35071605342405,103.846147633756,1.32517907651088,103.908956332386
96,1.3513141,103.8469711,1.35097210930141,103.847507415364,1.30102424842145,103.858514729036
97,1.3513141,103.8469711,1.3510877280414,103.847848134104,1.27215403850034,103.857262141417
98,1.3513141,103.8469711,1.35113941167645,103.847603607985,1.32430310810963,103.915966491073
99,1.3513141,103.8469711,1.35178869475901,103.84639366299,1.3091805658547,103.837266552278
100,1.3513141,103.8469711,1.35201758763632,103.847182225658,1.31508593304765,103.661526587275
101,1.3513141,103.8469711,1.3511175645373,103.84758376502,1.31929006018456,103.838494893324
102,1.3513141,103.8469711,1.35098972786929,103.847585403781,1.30790791916431,103.84354123193
103,1.3513141,103.8469711,1.35034550667089,103.849658084802,1.3174916999142,103.667937177741
104,1.3513141,103.8469711,1.35089324409619,103.847780048112,1.2959566155619,103.830328002615
105,1.3513141,103.8469711,1.35104604237049,103.847564608207,1.40113046634961,103.902893881342
106,1.3513141,103.8469711,1.35087527443702,103.847864161763,1.39842105561668,103.900203579759
107,1.3513141,103.8469711,1.35091113305692,103.84761278374,1.30654950411905,103.839163479754
108,1.3513141,103.8469711,1.35103478546448,103.847721254736,1.30693920777624,103.843615768954
109,1.3513141,103.8469711,1.35049612427603,103.849817896292,1.36006668020487,103.690647272605
110,1.3513141,103.8469711,1.35043522946906,103.849816711899,1.37481481164793,103.77290805985
111,1.3513141,103.8469711,1.35095952278855,103.847748178747,1.35658,103.89216
112,1.3513141,103.8469711,1.35113449817333,103.847765429308,1.31252151725793,103.661289855229
113,1.3513141,103.8469711,1.35094277299757,103.847995555989,1.31682524609524,103.83754887487
114,1.3513141,103.8469711,1.35110541519968,103.847614382219,1.27003050167937,103.822926968456
115,1.3513141,103.8469711,1.35104022488565,103.847811832132,1.26212584189788,103.824305730512
116,1.3513141,103.8469711,1.35094633251967,103.847865443983,1.32612816987053,103.922168108146
117,1.3513141,103.8469711,1.3508612171371,103.84802073538,1.31062584302594,103.845888124769
118,1.3513141,103.8469711,1.34865372023124,103.845888618593,1.31735670229288,103.905965081169
119,1.3513141,103.8469711,1.35084200817415,103.847836864455,1.32066454025614,103.658984556913
120,1.3513141,103.8469711,1.35096076977598,103.847527883592,1.31785050346195,103.905484680609
121,1.3513141,103.8469711,1.34846693916733,103.845762900549,1.35510648662623,103.693795379725
122,1.3513141,103.8469711,1.35089798880971,103.847529140666,1.30569450097203,103.851728227364
123,1.3513141,103.8469711,1.35108563917874,103.847811124481,1.31714621754986,103.65847067417
124,1.3513141,103.8469711,1.34865731193192,103.845988245971,1.31958682962884,103.835095404294
125,1.3513141,103.8469711,1.35102311702672,103.847619996744,1.26876000668253,103.818726048212
126,1.3513141,103.8469711,1.35048419174051,103.849703619048,1.31788417556909,103.654598827297
127,1.3513141,103.8469711,1.35094239066419,103.847530809343,1.31354824505998,103.834972809274
128,1.3513141,103.8469711,1.34868840338023,103.845901712108,1.27047556268145,103.81834416657
129,1.3513141,103.8469711,1.35109862192484,103.847625673667,1.33157,103.88059
130,1.3513141,103.8469711,1.34873442996521,103.845846210486,1.36292,103.87236
131,1.3513141,103.8469711,1.34865061348242,103.846034380286,1.46097926429625,103.827351039735
132,1.3513141,103.8469711,1.3485960196394,103.846048554285,1.32205383394096,103.664278016806
133,1.3513141,103.8469711,1.3510254215885,103.847549104691,1.44062665204209,103.828595135598
134,1.3513141,103.8469711,1.35082975001794,103.847819110454,1.36866231170994,103.694638168657
135,1.3513141,103.8469711,1.35107651434134,103.847637069498,1.35832023243814,103.696535327785
136,1.3513141,103.8469711,1.35061979476923,103.847950879448,1.30849533447076,103.824474642442
137,1.3513141,103.8469711,1.35095798331496,103.848094715743,1.32299285133581,103.918186922182
138,1.3513141,103.8469711,1.3509797091285,103.847505260007,1.31716755918219,103.659225896358
139,1.3513141,103.8469711,1.35088152860993,103.847513500809,1.27930171843539,103.859900512515
140,1.3513141,103.8469711,1.35100244005334,103.84776723369,1.41316370428861,103.905365219429
141,1.3513141,103.8469711,1.3486586400263,103.846030142139,1.29893868584915,103.859682472328
142,1.3513141,103.8469711,1.34852026378519,103.845771762069,1.3064201475845,103.833987105226
143,1.3513141,103.8469711,1.34868305013883,103.845802096352,1.31746353277009,103.908485021531
144,1.3513141,103.8469711,1.35105714397034,103.847195516377,1.43485324220622,103.83024414404
145,1.3513141,103.8469711,1.35171640033492,103.846239693425,1.31762024495553,103.829332035551
146,1.3513141,103.8469711,1.35071952787849,103.847946621793,1.3177912190833,103.83230124773
147,1.3513141,103.8469711,1.35098265071258,103.84801828234,1.26156914662248,103.823268067836
148,1.3513141,103.8469711,1.35092995377226,103.847906909494,1.31548000831969,103.910587456783
149,1.3513141,103.8469711,1.35104144566463,103.847788089542,1.37642002544508,103.775326440823
150,1.3513141,103.8469711,1.35095274756708,103.847756503631,1.30973259604907,103.837883325307
151,1.3513141,103.8469711,1.35086055710481,103.847826719021,1.3758626810072,103.775072445157
152,1.3513141,103.8469711,1.35094909669253,103.847725474793,1.43489,103.77552
153,1.3513141,103.8469711,1.34873859383062,103.845784268767,1.44308791297082,103.820855414453
154,1.3513141,103.8469711,1.34859653740827,103.845839147094,1.35708631372321,103.68666107523
155,1.3513141,103.8469711,1.35084633769987,103.847855919436,1.30758026935815,103.856149375062
156,1.3513141,103.8469711,1.35140557651225,103.847126447647,1.31934831030085,103.829359400195
157,1.3513141,103.8469711,1.35063279474291,103.849735248238,1.32685571519936,103.913676401179
158,1.3513141,103.8469711,1.35044427121293,103.84971380987,1.32007791301228,103.919491569649
159,1.3513141,103.8469711,1.3509537988832,103.847537334593,1.32647,103.84421
160,1.3513141,103.8469711,1.35103854187276,103.847516456061,1.31404204118656,103.669506930193
161,1.3513141,103.8469711,1.34855736003927,103.845757021077,1.32114088371643,103.652967115893
162,1.3513141,103.8469711,1.35115416929272,103.847676886395,1.31368499070734,103.830606867502
163,1.3513141,103.8469711,1.35093539501472,103.84809919123,1.30740870019363,103.841484267119
164,1.3513141,103.8469711,1.35097025472192,103.847838190647,1.3603205502312,103.684396209592
165,1.3513141,103.8469711,1.35104308109937,103.847548825103,1.3246885256166,103.918419837726
166,1.3513141,103.8469711,1.34876323868206,103.845780206194,1.30644701381302,103.84306399811
167,1.3513141,103.8469711,1.34864065378285,103.845742901477,1.3260634716849,103.911654417827
168,1.3513141,103.8469711,1.35078103965164,103.847875158432,1.31864576814999,103.66433810238
169,1.3513141,103.8469711,1.35056915771301,103.847111488306,1.31001609724962,103.832656461474
170,1.3513141,103.8469711,1.35081026510338,103.847995609261,1.30467863157872,103.849192509541
171,1.3513141,103.8469711,1.35115562086512,103.847764411972,1.3169470144844,103.846343970607
172,1.3513141,103.8469711,1.3510132773266,103.847816907336,1.31022987041078,103.841602160029
173,1.3513141,103.8469711,1.34867624670533,103.845801078182,1.41426445308563,103.895484606558
174,1.3513141,103.8469711,1.35073168787975,103.848081802908,1.31559784076163,103.658501582482
175,1.3513141,103.8469711,1.35078593753345,103.847775044458,1.38139465125975,103.770612588287
176,1.3513141,103.8469711,1.35174232316582,103.846972289069,1.30742859153887,103.829699841059
177,1.3513141,103.8469711,1.35251481451686,103.845612303475,1.31275612374675,103.845927599855
178,1.3513141,103.8469711,1.35073202830353,103.847879669903,1.313853205267,103.91269850981
179,1.3513141,103.8469711,1.35084533492324,103.847810238583,1.31584589486004,103.829647403016
180,1.3513141,103.8469711,1.35096315658918,103.848042176852,1.29882018876752,103.857766979624
181,1.3513141,103.8469711,1.34860717020093,103.845826943316,1.36030427392943,103.689263346009
182,1.3513141,103.8469711,1.35088141835372,103.847617500107,1.27355758387928,103.860248458789
183,1.3513141,103.8469711,1.35077521089797,103.847989818359,1.39387593083824,103.890555113798
184,1.3513141,103.8469711,1.351106693911,103.847858394904,1.32409404282849,103.914310560644
185,1.3513141,103.8469711,1.35096745063008,103.847819804673,1.31592105500094,103.836254294145
186,1.3513141,103.8469711,1.35083838564351,103.847849066603,1.32241817835719,103.906128740846
187,1.3513141,103.8469711,1.34848202964396,103.845914801298,1.31137493078132,103.844119062158
188,1.3513141,103.8469711,1.35041658446999,103.849623121109,1.30730891188172,103.831753945853
189,1.3513141,103.8469711,1.35077233741345,103.847847272928,1.27157993533234,103.8253777815
190,1.3513141,103.8469711,1.35098482906903,103.847613357289,1.37638,103.77108
191,1.3513141,103.8469711,1.3507908014525,103.847651931432,1.3698691597498,103.689578605452
192,1.3513141,103.8469711,1.35097795129834,103.847959675883,1.31759808014658,103.653621920828
193,1.3513141,103.8469711,1.35101450802898,103.847927100329,1.29705321343515,103.830531617079
194,1.3513141,103.8469711,1.35031071537971,103.849630418947,1.3743,103.83767
195,1.3513141,103.8469711,1.34855225754796,103.84604872989,1.39234086877024,103.767153118675
196,1.3513141,103.8469711,1.35089851198871,103.848006220294,1.32402692751617,103.91068399625
197,1.3513141,103.8469711,1.35091524446749,103.847845109104,1.3172872110784,103.838682187595
198,1.3513141,103.8469711,1.3508697667523,103.847659195686,1.373901667,103.94963
199,1.3513141,103.8469711,1.35075819678156,103.84775397237,1.30212244483743,103.838411467105
200,1.3513141,103.8469711,1.35085504048417,103.847784003356,1.44105254860073,103.813773040653
201,1.3513141,103.8469711,1.3509253236227,103.847716308809,1.41428102000028,103.896804765662
202,1.3513141,103.8469711,1.3506971290538,103.848013460676,1.3118070115322,103.830800659774
203,1.3513141,103.8469711,1.35089783671115,103.847650230537,1.32260524968461,103.908142339365
204,1.3513141,103.8469711,1.34861019452116,103.846025364237,1.27169097462792,103.815289918272
205,1.3513141,103.8469711,1.35235970950071,103.84695808258,1.38763179994438,103.767490860974
206,1.3513141,103.8469711,1.35079377721356,103.848088378945,1.3153384810889,103.842861061655
207,1.3513141,103.8469711,1.35105925399827,103.847584746184,1.31751109875265,103.842201266411
208,1.3513141,103.8469711,1.35105815852044,103.84755095468,1.36305759888576,103.690927108233
209,1.3513141,103.8469711,1.35097200376232,103.847612899893,1.26961598447125,103.822347776553
210,1.3513141,103.8469711,1.3507923005916,103.848033881679,1.31591022175999,103.835668611085
211,1.3513141,103.8469711,1.35094938490782,103.847753563143,1.30784971153375,103.858484329574
212,1.3513141,103.8469711,1.35054440120191,103.849920448873,1.31791,103.73588
213,1.3513141,103.8469711,1.35081197191948,103.847909484232,1.2641368663596,103.810784459189
214,1.3513141,103.8469711,1.34865253332049,103.845740052976,1.30960600417126,103.829158397614
215,1.3513141,103.8469711,1.35099399546364,103.847741203247,1.36054397357957,103.685343860789
216,1.3513141,103.8469711,1.35085144044605,103.847847101454,1.37157146495488,103.691556269706
217,1.3513141,103.8469711,1.35103410273914,103.847823025988,1.39080099767858,103.765794387158
218,1.3513141,103.8469711,1.3510885232869,103.847616174594,1.35567753597831,103.688072876598
219,1.3513141,103.8469711,1.35088044304216,103.847897460199,1.30755690548618,103.856928919537
220,1.3513141,103.8469711,1.35076637605517,103.84777266042,1.31623683541382,103.656547960245
221,1.3513141,103.8469711,1.35080392408082,103.84804320231,1.38490504946526,103.768293645481
222,1.3513141,103.8469711,1.35089762526307,103.847550334842,1.30961722809595,103.837523924249
223,1.3513141,103.8469711,1.3508822924768,103.848029000405,1.31242154830557,103.837198252821
224,1.3513141,103.8469711,1.35080034040284,103.847792521338,1.27762666296838,103.854448357521
225,1.3513141,103.8469711,1.34875375882637,103.8460529172,1.32295422490207,103.921491576438
226,1.3513141,103.8469711,1.35109798963047,103.847712217639,1.3253000823855,103.919126993226
227,1.3513141,103.8469711,1.348543041759,103.845838902957,1.38910578349274,103.775601108458
228,1.3513141,103.8469711,1.35065833798428,103.847453551798,1.31805891009042,103.90520447686
229,1.3513141,103.8469711,1.35099612626641,103.847825612577,1.42916,103.77295
230,1.3513141,103.8469711,1.35096372206056,103.847816092441,1.31731610524802,103.915328630923
231,1.3513141,103.8469711,1.35097009684562,103.847947331378,1.3104626303678,103.84142769147
232,1.3513141,103.8469711,1.35109828516691,103.847766327169,1.31849240472827,103.65817317964
233,1.3513141,103.8469711,1.35080207651567,103.84781630892,1.2601464528744,103.818260361645
234,1.3513141,103.8469711,1.35118832940177,103.846235046914,1.31463850396715,103.83414036995
235,1.3513141,103.8469711,1.35099466516463,103.847891868582,1.31401733095975,103.834935374383
236,1.3513141,103.8469711,1.35100560695787,103.84762318583,1.31536664024513,103.656539564407
237,1.3513141,103.8469711,1.35042170943083,103.849607315716,1.45363559514114,103.819520263018
238,1.3513141,103.8469711,1.35040527384228,103.849883773271,1.32722657504744,103.911814087957
239,1.3513141,103.8469711,1.34847759890912,103.845965627095,1.31996233991651,103.654647389569
240,1.3513141,103.8469711,1.35056570334468,103.849854846509,1.39195,103.85337
241,1.3513141,103.8469711,1.34859835225495,103.845935870489,1.31910357693534,103.921315615673
242,1.3513141,103.8469711,1.34872247331258,103.845782298127,1.26786270707482,103.815601051137
243,1.3513141,103.8469711,1.35038212620094,103.84976566801,1.41086708454947,103.904954400662
244,1.3513141,103.8469711,1.35111726106762,103.847618265907,1.3146110547527,103.656842191727
245,1.3513141,103.8469711,1.35035180811869,103.846655991531,1.32368280649279,103.908357143023
246,1.3513141,103.8469711,1.35090028344186,103.847709059588,1.31976251889188,103.908214733479
247,1.3513141,103.8469711,1.35101361229005,103.847828658706,1.26744995780435,103.815801565911
248,1.3513141,103.8469711,1.35113986336426,103.847548760253,1.31345006917724,103.834952975479
249,1.3513141,103.8469711,1.35101325597417,103.848029944531,1.28922,103.83978
250,1.3513141,103.8469711,1.34867742568828,103.845826720978,1.26055758317845,103.817767420463
251,1.3513141,103.8469711,1.35085507673803,103.847846656457,1.31663297414011,103.661251620175
252,1.3513141,103.8469711,1.35113474405297,103.847806459157,1.30177495237406,103.830165126756
253,1.3513141,103.8469711,1.3511231800841,103.847509472422,1.32394442420922,103.908972142712
254,1.3513141,103.8469711,1.35098401191725,103.847997914916,1.31369381374973,103.653198935364
255,1.3513141,103.8469711,1.34848736866848,103.845833444397,1.31779733462385,103.920300192773
256,1.3513141,103.8469711,1.35056520298652,103.84982565125,1.36404461036324,103.687130338087
257,1.3513141,103.8469711,1.35095451439717,103.847965813523,1.3190793582203,103.845375609728
258,1.3513141,103.8469711,1.35035666320653,103.849725362091,1.26450102816515,103.82152074119
259,1.3513141,103.8469711,1.35089397834763,103.848065613492,1.31881435829568,103.913207848999
260,1.3513141,103.8469711,1.35106300870157,103.847546332236,1.3051,103.76263
261,1.3513141,103.8469711,1.35099263482994,103.847837565296,1.41498027899075,103.890387361527
262,1.3513141,103.8469711,1.348659123518,103.845915933542,1.32604724021435,103.918578285648
263,1.3513141,103.8469711,1.35090860802663,103.847806230847,1.30648778038306,103.839419287151
264,1.3513141,103.8469711,1.35099969390173,103.848024533928,1.35843872454752,103.686583684664
265,1.3513141,103.8469711,1.34865629475642,103.845845139824,1.30609715084982,103.841540340837
266,1.3513141,103.8469711,1.3484775914529,103.845972211146,1.31789797314971,103.655708394183
267,1.3513141,103.8469711,1.35054242946308,103.849818906742,1.26621210880326,103.824615131212
268,1.3513141,103.8469711,1.35106507832094,103.847836534131,1.30842385728331,103.83276826656
269,1.3513141,103.8469711,1.35082750076406,103.847985013213,1.31065150100919,103.84538579989
270,1.3513141,103.8469711,1.34851211799142,103.845831087366,1.26865040381535,103.81346285461
271,1.3513141,103.8469711,1.35102322626709,103.847606415324,1.30840877356003,103.833471352952
272,1.3513141,103.8469711,1.35107240024232,103.847580395081,1.3211816820822,103.918528508619
273,1.3513141,103.8469711,1.35091134143843,103.847799208569,1.34521,103.88171
274,1.3513141,103.8469711,1.35106316453962,103.847657381964,1.35959053306606,103.693424405947
275,1.3513141,103.8469711,1.35105819611491,103.847818245738,1.29712351229103,103.848357873967
276,1.3513141,103.8469711,1.35090989383517,103.84779367077,1.30993926642181,103.835093321532
277,1.3513141,103.8469711,1.35113039746378,103.847827758516,1.3654603784611,103.69269061155
278,1.3513141,103.8469711,1.35115456472003,103.847739559031,1.30551960817742,103.84045071766
279,1.3513141,103.8469711,1.34875482751956,103.845852256764,1.41285586377427,103.895829767636
280,1.3513141,103.8469711,1.35052804468707,103.849735834109,1.31528690897979,103.663878738901
281,1.3513141,103.8469711,1.34852352350953,103.845842234423,1.30549542326659,103.862080172895
282,1.3513141,103.8469711,1.35082771032832,103.84788200859,1.31205684595766,103.835075405984
283,1.3513141,103.8469711,1.35114723103595,103.847692380525,1.31158105425853,103.8295686632
284,1.3513141,103.8469711,1.35227597847937,103.846937978564,1.3714,103.96214
285,1.3513141,103.8469711,1.34859093005857,103.846016121743,1.3192425219727,103.913140107777
286,1.3513141,103.8469711,1.35104355856221,103.847571198979,1.3137542763075,103.91100661823
287,1.3513141,103.8469711,1.34875201119109,103.845921553149,1.3605,103.88535
288,1.3513141,103.8469711,1.35083624727105,103.847798423018,1.27912179250357,103.846748769606
289,1.3513141,103.8469711,1.35097822324149,103.847814462686,1.30319686683172,103.831784004895
290,1.3513141,103.8469711,1.3508480635253,103.84782292504,1.36658190537345,103.686125258886
291,1.3513141,103.8469711,1.35084685240466,103.847517349712,1.32434251046549,103.653337098624
292,1.3513141,103.8469711,1.35105155633544,103.847563244154,1.29959572024529,103.832288444665
293,1.3513141,103.8469711,1.35094420840181,103.847882120061,1.306018374471,103.83362104593
294,1.3513141,103.8469711,1.35097265009916,103.847793973271,1.40768851508441,103.901377260403
295,1.3513141,103.8469711,1.35085228548411,103.847955378206,1.31663422200779,103.834287382363
296,1.3513141,103.8469711,1.35094929892395,103.848098858229,1.32047630277643,103.914302926943
297,1.3513141,103.8469711,1.35097264207784,103.848054004071,1.41058901831963,103.895034804266
298,1.3513141,103.8469711,1.35034621624697,103.846075879659,1.30145103365493,103.837222107664
299,1.3513141,103.8469711,1.35096427256751,103.847802790058,1.40032872747839,103.895357964483
300,1.3513141,103.8469711,1.35096810957499,103.847719633314,1.31400380639044,103.83485556022
301,1.3513141,103.8469711,1.35088375639965,103.847860333235,1.32246418264529,103.662442146156
302,1.3513141,103.8469711,1.35135322288633,103.84593995119,1.31796089782042,103.829536510833
303,1.3513141,103.8469711,1.35097462580612,103.847780330671,1.31613645565378,103.836092260312
304,1.3513141,103.8469711,1.35111172848146,103.847504159418,1.30636205806845,103.832649330496
305,1.3513141,103.8469711,1.35099080066226,103.847845319186,1.26701839497826,103.823158244293
306,1.3513141,103.8469711,1.35176562138061,103.845822275665,1.45248,103.79254
307,1.3513141,103.8469711,1.35100548494608,103.847800678434,1.2789612997097,103.848319477265
308,1.3513141,103.8469711,1.35085478429793,103.847539153851,1.45224311578934,103.821449553216
309,1.3513141,103.8469711,1.35098081887879,103.847829014589,1.30636,103.81423
310,1.3513141,103.8469711,1.35111804138212,103.847557912917,1.31853031166098,103.905870786173
311,1.3513141,103.8469711,1.35096473069633,103.847977111981,1.32644879625506,103.906725100078
312,1.3513141,103.8469711,1.35089591213715,103.847807360603,1.3023,103.76481
313,1.3513141,103.8469711,1.34872112623445,103.846024096339,1.32197511966615,103.920676208725
314,1.3513141,103.8469711,1.35106674987259,103.848067140687,1.31427520821791,103.834778646366
315,1.3513141,103.8469711,1.35074808589405,103.848054263775,1.3625834497399,103.687346728998
316,1.3513141,103.8469711,1.35191850222269,103.847360676165,1.30299287217641,103.855613790226
317,1.3513141,103.8469711,1.34866299419244,103.845902063345,1.31979555647723,103.914782440706
318,1.3513141,103.8469711,1.35058335129095,103.849924337669,1.26413132527626,103.817464640793
319,1.3513141,103.8469711,1.34852769714083,103.845801595578,1.3242611173478,103.905550077913
320,1.3513141,103.8469711,1.34860991822032,103.846031636661,1.31665706031824,103.911094791183
321,1.3513141,103.8469711,1.35053034510597,103.8497626285,1.31103541313682,103.83293425938
322,1.3513141,103.8469711,1.35088816416932,103.847792910403,1.37606,103.91984
323,1.3513141,103.8469711,1.34854880674123,103.846034982326,1.31078314819221,103.836344573213
324,1.3513141,103.8469711,1.35110240060777,103.84785501958,1.31576775806597,103.843741289823
325,1.3513141,103.8469711,1.35086601632071,103.847803384718,1.31222579379864,103.658701184311
326,1.3513141,103.8469711,1.35108645922641,103.847722204605,1.35895,103.7621
327,1.3513141,103.8469711,1.35123433308633,103.846044513449,1.32782924961652,103.916741774637
328,1.3513141,103.8469711,1.35114136169948,103.847532790232,1.25984747601835,103.815442062418
329,1.3513141,103.8469711,1.35088758250204,103.847562632386,1.39660584512986,103.895265257515
330,1.3513141,103.8469711,1.35107461630472,103.84766656657,1.31754665991078,103.829607356585
331,1.3513141,103.8469711,1.34846943418173,103.846023899495,1.44555787079444,103.81819780334
332,1.3513141,103.8469711,1.35085389377673,103.847608217736,1.36008237051056,103.694771626152
333,1.3513141,103.8469711,1.34852586430073,103.845962222298,1.36995473097733,103.695819685969
334,1.3513141,103.8469711,1.35232119539693,103.846552165934,1.31685735663726,103.657223129989
335,1.3513141,103.8469711,1.35079364867994,103.84783901622,1.29939649937791,103.825518088796
336,1.3513141,103.8469711,1.34856242879027,103.845843942133,1.37985,103.88819
337,1.3513141,103.8469711,1.35108479110184,103.847523370966,1.44854675664926,103.819309901887
338,1.3513141,103.8469711,1.35098762588713,103.847765606746,1.3152,103.77207
339,1.3513141,103.8469711,1.35032844041754,103.849733869174,1.31653124794958,103.840015446314
340,1.3513141,103.8469711,1.34868373251832,103.846052497375,1.32419794946525,103.91040639912
341,1.3513141,103.8469711,1.35097267771119,103.847738163648,1.30634876466908,103.842343536011
342,1.3513141,103.8469711,1.35098581160398,103.847591161984,1.32387187148933,103.916064922752
343,1.3513141,103.8469711,1.35110306986905,103.847795536648,1.26049378750026,103.819125747653
344,1.3513141,103.8469711,1.35099210917452,103.847742525367,1.26298914285332,103.824974547961
345,1.3513141,103.8469711,1.35199655048185,103.846504697262,1.31602177617198,103.905733242588
346,1.3513141,103.8469711,1.35086825127137,103.847813653113,1.32234993436276,103.655929997684
347,1.3513141,103.8469711,1.34857078628372,103.845990931796,1.31845543826838,103.921223446157
348,1.3513141,103.8469711,1.35058724282386,103.84983588818,1.37105720396768,103.694652066365
349,1.3513141,103.8469711,1.35076709478608,103.847948462401,1.32704395266914,103.904967507333
350,1.3513141,103.8469711,1.35098040961567,103.847770381108,1.32719441472028,103.911255923848
351,1.3513141,103.8469711,1.35070565638382,103.848020374144,1.32287227789461,103.920718695725
352,1.3513141,103.8469711,1.35088349333829,103.84773509507,1.26387888173362,103.821628687277
353,1.3513141,103.8469711,1.35150532416299,103.847885931627,1.31336789372154,103.835882701237
354,1.3513141,103.8469711,1.35092024804412,103.847809282718,1.32378778075102,103.909857692527
355,1.3513141,103.8469711,1.34851017830814,103.846033428322,1.31153262621776,103.844222813103
356,1.3513141,103.8469711,1.35083621572354,103.847558602727,1.35902218118909,103.684163421009
357,1.3513141,103.8469711,1.34874735434858,103.845873287299,1.43780483537659,103.82644537363
358,1.3513141,103.8469711,1.34873471916709,103.846026716265,1.31616,103.94466
359,1.3513141,103.8469711,1.35113501912106,103.847719596012,1.37091034417965,103.69045701004
360,1.3513141,103.8469711,1.3511241766723,103.847718558961,1.30223490612993,103.836687687314
361,1.3513141,103.8469711,1.35111519285122,103.847768821505,1.35641215540547,103.691177336888
362,1.3513141,103.8469711,1.35115141629624,103.847672956834,1.35842150381481,103.691835187624
363,1.3513141,103.8469711,1.34848239080935,103.845882132541,1.3080422315879,103.842400501381
364,1.3513141,103.8469711,1.34864924835411,103.845912860549,1.27624758914439,103.847588179257
365,1.3513141,103.8469711,1.35095432996858,103.847798734422,1.31733603936756,103.835032767556
366,1.3513141,103.8469711,1.35095787399062,103.847563979758,1.26186878454878,103.815947039887
367,1.3513141,103.8469711,1.35109441539564,103.847751371087,1.34882,103.75761
368,1.3513141,103.8469711,1.35094890128077,103.847622418969,1.32691985306685,103.918748277508
369,1.3513141,103.8469711,1.35039958917974,103.849659389984,1.32449995444025,103.664006766422
370,1.3513141,103.8469711,1.35090107743233,103.847531960528,1.32957,103.94887
371,1.3513141,103.8469711,1.35113072974078,103.847598309556,1.26829186414082,103.827445884652
372,1.3513141,103.8469711,1.35086054722693,103.847600730807,1.31842840376916,103.919414335271
373,1.3513141,103.8469711,1.35112832445499,103.847510781564,1.31060604035892,103.841369040373
374,1.3513141,103.8469711,1.35123338445884,103.846588038972,1.36971372279421,103.686393188931
375,1.3513141,103.8469711,1.35080987272761,103.847958535832,1.32784,103.68096
376,1.3513141,103.8469711,1.35096099943723,103.847669545784,1.31504207597796,103.838279143256
377,1.3513141,103.8469711,1.35064125702676,103.847104324289,1.31850260187887,103.90554442977
378,1.3513141,103.8469711,1.3511209544137,103.847602357067,1.36688922782215,103.689730881018
379,1.3513141,103.8469711,1.34857590047876,103.845967768299,1.39797417451123,103.8894587891
380,1.3513141,103.8469711,1.35089665634327,103.847990799598,1.30107487364227,103.839413982414
381,1.3513141,103.8469711,1.3507651499429,103.848059238293,1.31747758835675,103.836300055011
382,1.3513141,103.8469711,1.34856125460286,103.845934451635,1.2647682486548,103.817988028431
383,1.3513141,103.8469711,1.35091440865837,103.847637238694,1.26580769911571,103.826933279103
384,1.3513141,103.8469711,1.3503227158174,103.849943440676,1.30562289661185,103.830957118572
385,1.3513141,103.8469711,1.35154888485776,103.846522258532,1.31925869198625,103.83011737717
386,1.3513141,103.8469711,1.35112397262808,103.847715693274,1.31831738344202,103.846089130439
387,1.3513141,103.8469711,1.35058159448356,103.849811612446,1.27177816404276,103.818713147235
388,1.3513141,103.8469711,1.3509389271389,103.847663095819,1.39732756417897,103.897120818859
389,1.3513141,103.8469711,1.35110466145453,103.847594456826,1.32492494612524,103.913089145328
390,1.3513141,103.8469711,1.35041530249841,103.849818279671,1.30159425541422,103.848294211396
391,1.3513141,103.8469711,1.35096222787657,103.847654816936,1.36504888871129,103.695774395785
392,1.3513141,103.8469711,1.3507555544889,103.84798562996,1.27593749322689,103.858525639473
393,1.3513141,103.8469711,1.35087492224656,103.847768709981,1.30297809306143,103.8582907354
394,1.3513141,103.8469711,1.35106209704203,103.847711449101,1.32025898496723,103.912043207807
395,1.3513141,103.8469711,1.35011003507391,103.848056782593,1.27023474416382,103.852618931279
396,1.3513141,103.8469711,1.34858572280402,103.845961306102,1.32032907594885,103.91098610139
397,1.3513141,103.8469711,1.35077141304734,103.847952758867,1.26436252823157,103.82040300121
398,1.3513141,103.8469711,1.35061444708061,103.84973799218,1.32071223221213,103.913168168058
399,1.3513141,103.8469711,1.35067842291747,103.847920564158,1.32100332782975,103.65439991415
400,1.3513141,103.8469711,1.35090382449602,103.847651142194,1.267325967517,103.817625960656
401,1.3513141,103.8469711,1.351076962384,103.847801657457,1.31973128612698,103.911769824122
402,1.3513141,103.8469711,1.35090751791003,103.847787741008,1.40313179325247,103.89356285229
403,1.3513141,103.8469711,1.35114809332125,103.847808621764,1.32062775202893,103.904896953925
404,1.3513141,103.8469711,1.35097148990498,103.847690326993,1.27004013876776,103.823437054465
405,1.3513141,103.8469711,1.35098044624368,103.847867263753,1.31089266323833,103.844056522452
406,1.3513141,103.8469711,1.35096103861195,103.848032156542,1.44323217181456,103.822377748617
407,1.3513141,103.8469711,1.35032328148022,103.845850466108,1.30018155958614,103.848065161275
408,1.3513141,103.8469711,1.35100167314009,103.847594193203,1.27136522926165,103.81989200078
409,1.3513141,103.8469711,1.35073820734801,103.847974041177,1.29500060130617,103.856101823359
410,1.3513141,103.8469711,1.35087136246049,103.847793560178,1.36182830057598,103.695781985539
411,1.3513141,103.8469711,1.3503217033465,103.849658862513,1.32392713612022,103.656669743804
412,1.3513141,103.8469711,1.35040363271373,103.849888092386,1.35723371739133,103.700540255836
413,1.3513141,103.8469711,1.35027251656755,103.846806648794,1.27037488890699,103.822015157538
414,1.3513141,103.8469711,1.35134903300364,103.846467181188,1.30670645033346,103.832157456394
415,1.3513141,103.8469711,1.35032347398518,103.849910523224,1.31460325954454,103.914688995505
416,1.3513141,103.8469711,1.35098136224267,103.847871865259,1.31706067145852,103.663047123376
417,1.3513141,103.8469711,1.35083464671778,103.847935092598,1.3999942541691,103.894408814999
418,1.3513141,103.8469711,1.35051394832523,103.849691148838,1.40287318048204,103.899625138557
419,1.3513141,103.8469711,1.35039499573335,103.849872031351,1.38730112574319,103.768750653261
420,1.3513141,103.8469711,1.35085083178427,103.847901813634,1.31706770114171,103.829712899784
421,1.3513141,103.8469711,1.35023718632123,103.848113878004,1.30670394483646,103.845522997357
422,1.3513141,103.8469711,1.34847159545222,103.845974375963,1.31141065114143,103.841942676871
423,1.3513141,103.8469711,1.35105833100999,103.847838366126,1.32148891266664,103.666350148691
424,1.3513141,103.8469711,1.35087427821019,103.847753389832,1.31782430505987,103.83155318973
425,1.3513141,103.8469711,1.34855818347276,103.846025129652,1.38426444051161,103.762528913784
426,1.3513141,103.8469711,1.35188809680281,103.846685115731,1.38284114468041,103.775047936456
427,1.3513141,103.8469711,1.35091966361292,103.847674826048,1.38283214866678,103.777545366843
428,1.3513141,103.8469711,1.35083266169369,103.847984101445,1.32713448232218,103.915926646014
429,1.3513141,103.8469711,1.35071929004802,103.847823401419,1.31310627650528,103.838441406787
430,1.3513141,103.8469711,1.35091701647769,103.84756237791,1.4362581244607,103.814843305205
431,1.3513141,103.8469711,1.35100552155735,103.847660489516,1.35818,103.96973
432,1.3513141,103.8469711,1.35085956449838,103.847673522469,1.27648462820531,103.849816423251
433,1.3513141,103.8469711,1.35094891682486,103.847656088093,1.36970530254904,103.684797873899
434,1.3513141,103.8469711,1.35102741045635,103.847859994692,1.36769102192101,103.692029838074
435,1.3513141,103.8469711,1.35114733689827,103.847572746627,1.26740733652049,103.82159513529
436,1.3513141,103.8469711,1.35129677303597,103.846861847993,1.38191002113822,103.778620173213
437,1.3513141,103.8469711,1.3507970201233,103.847813266278,1.31159916829095,103.830844216122
438,1.3513141,103.8469711,1.3508700292385,103.847788534979,1.31149008382836,103.832201328161
439,1.3513141,103.8469711,1.35104103772782,103.847841145522,1.31225323040184,103.833518832164
440,1.3513141,103.8469711,1.35071627053245,103.848015818814,1.3126243650603,103.833449759953
441,1.3513141,103.8469711,1.35108340879673,103.848251365171,1.31762597533712,103.844053873475
442,1.3513141,103.8469711,1.35094383889945,103.847940386377,1.32305,103.90557
443,1.3513141,103.8469711,1.3516201041261,103.848298456893,1.36366802069914,103.696935541867
444,1.3513141,103.8469711,1.35097536436564,103.848080241085,1.3781,103.88469
445,1.3513141,103.8469711,1.35222296914712,103.847675825658,1.3198329878979,103.662288828899
446,1.3513141,103.8469711,1.35030637101555,103.849809310057,1.30646185919122,103.838016140954
447,1.3513141,103.8469711,1.35090060530855,103.848001620762,1.38605828738661,103.7623170117
448,1.3513141,103.8469711,1.35077612204048,103.848089019627,1.26410816290108,103.811539274426
449,1.3513141,103.8469711,1.35096790411708,103.847922174843,1.32736359740588,103.920856737233
450,1.3513141,103.8469711,1.35095001015077,103.848057483128,1.3218893772085,103.908239427043
451,1.3513141,103.8469711,1.35114202034915,103.847717916817,1.30403,103.69728
452,1.3513141,103.8469711,1.35116276046482,103.847657496254,1.31469882241917,103.834806015722
453,1.3513141,103.8469711,1.3509353304217,103.847745658274,1.32627707553814,103.907065958319
454,1.3513141,103.8469711,1.35096880923024,103.847580487806,1.32092550664246,103.914771015381
455,1.3513141,103.8469711,1.35112042185582,103.847648920228,1.39080213010517,103.772516321717
456,1.3513141,103.8469711,1.35072478124504,103.847967819066,1.30576894236508,103.829355753356
457,1.3513141,103.8469711,1.35097445373414,103.847787626168,1.35991777862196,103.700084144932
458,1.3513141,103.8469711,1.35105575642785,103.847610146696,1.31073590388442,103.832747990385
459,1.3513141,103.8469711,1.35109835983979,103.84780714258,1.31344868195406,103.844645101786
460,1.3513141,103.8469711,1.34847815561741,103.845744638152,1.35980832999888,103.693481040507
461,1.3513141,103.8469711,1.35087880715872,103.848039064317,1.29844255698344,103.848178917595
462,1.3513141,103.8469711,1.35114112275224,103.847612617926,1.30843220082954,103.831316902963
463,1.3513141,103.8469711,1.34864674868491,103.846015801538,1.31410909099579,103.907505278938
464,1.3513141,103.8469711,1.35094164280924,103.847717277978,1.44554776985797,103.814463311739
465,1.3513141,103.8469711,1.3485803460683,103.845872223656,1.31665899121401,103.911625048523
466,1.3513141,103.8469711,1.35122462176629,103.847105552687,1.39192,103.81855
467,1.3513141,103.8469711,1.35083963337029,103.847724240396,1.31427356113082,103.835768197519
468,1.3513141,103.8469711,1.35079288696908,103.84792484284,1.38308156940586,103.776130788095
469,1.3513141,103.8469711,1.3508008752464,103.847979226287,1.32099892583529,103.915975202888
470,1.3513141,103.8469711,1.3485127117703,103.846065890108,1.31630651522807,103.913684247893
471,1.3513141,103.8469711,1.35111864888753,103.847509054162,1.33739,103.76441
472,1.3513141,103.8469711,1.35113039943656,103.847636208851,1.4140758623733,103.891024829915
473,1.3513141,103.8469711,1.35086673968242,103.847515660812,1.31460751342729,103.904524522922
474,1.3513141,103.8469711,1.35098317081326,103.847793317056,1.31020955381905,103.845277772435
475,1.3513141,103.8469711,1.3508763978823,103.847919220297,1.3181847933391,103.921014312799
476,1.3513141,103.8469711,1.35086948226696,103.847652612809,1.30985997476926,103.83454814835
477,1.3513141,103.8469711,1.35087568047758,103.847884786543,1.34547,103.94698
478,1.3513141,103.8469711,1.35217609962491,103.845994805021,1.3189011148958,103.910907353934
479,1.3513141,103.8469711,1.34872791953797,103.845999944963,1.36989977994955,103.700547669029
480,1.3513141,103.8469711,1.35098398381905,103.847766383615,1.31777931063247,103.837200658903
481,1.3513141,103.8469711,1.35090222056804,103.848018957237,1.30177066467469,103.83540312898
482,1.3513141,103.8469711,1.35098632226205,103.848055828008,1.36858,103.76472
483,1.3513141,103.8469711,1.35059310807229,103.849724881179,1.31383862403513,103.662803894292
484,1.3513141,103.8469711,1.3509308235963,103.847558897926,1.32131560878123,103.665823017117
485,1.3513141,103.8469711,1.35096212294489,103.847895105995,1.32191387616041,103.658784123439
486,1.3513141,103.8469711,1.3484784412684,103.845813627849,1.27536018531362,103.851322663762
487,1.3513141,103.8469711,1.35095237737777,103.847100167772,1.31145026350946,103.83535438858
488,1.3513141,103.8469711,1.35097678483337,103.847810854643,1.37829016498765,103.768585534658
489,1.3513141,103.8469711,1.35092929607409,103.847530662341,1.31824580871434,103.659230911239
490,1.3513141,103.8469711,1.35080586369756,103.847829356384,1.31978404594948,103.664352087964
491,1.3513141,103.8469711,1.35089609208467,103.847867203185,1.31462777585815,103.66581852046
492,1.3513141,103.8469711,1.35112847430866,103.84752424367,1.31269,103.73456
493,1.3513141,103.8469711,1.35055455857619,103.849858890626,1.26259831304539,103.825938225829
494,1.3513141,103.8469711,1.35074833600626,103.848076852174,1.31905251775137,103.845794830539
495,1.3513141,103.8469711,1.35110571068683,103.847525447688,1.3139365020397,103.833038772878
496,1.3513141,103.8469711,1.34874675689542,103.845807872835,1.28103715394206,103.848811483625
497,1.3513141,103.8469711,1.34847478261641,103.845870818066,1.36468645603743,103.697297224938
498,1.3513141,103.8469711,1.35086274410072,103.847791884359,1.32066995331049,103.661508452226
499,1.3513141,103.8469711,1.35091547158803,103.84800232259,1.32542,103.91114
500,1.3513141,103.8469711,1.3508897363575,103.847793879939,1.38671,103.76306
